{
   "dashboards": [{
      "adapterName": "VMware vSphere",
      "autoswitchEnabled": false,
      "columnCount": 1,
      "columnProportion": "1",
      "creationTime": 1608758050556,
      "dashboardNavigations": {},
      "description": "Analyze the costs of running your environment.",
      "disabled": false,
      "docCenterKey": "vcom_533",
      "gridsterMaxColumns": 12,
      "hidden": true,
      "homeTab": false,
      "id": "b41a0d93-ee25-4052-a3c3-8c959a9a07a5",
      "importAttempts": 0,
      "importComplete": true,
      "lastUpdateTime": 1608841554060,
      "lastUpdateUserId": "ce28a436-007e-4581-a234-9a5ec7b93455",
      "locked": false,
      "name": "Custom Dashboards/Cost Summary",
      "namePath": "Custom Dashboards",
      "rank": 0,
      "shared": false,
      "states": [],
      "temporary": false,
      "userId": "ce28a436-007e-4581-a234-9a5ec7b93455",
      "widgetInteractions": [],
      "widgets": [
         {
            "collapsed": false,
            "config": {
               "boxColumns": 3,
               "boxHeight": null,
               "customFilter": {
                  "excludedResources": null,
                  "filter": [],
                  "includedResources": null
               },
               "depth": 1,
               "labelSize": 12,
               "maxCellCount": 10,
               "metric": {
                  "mode": "resourceKind",
                  "resourceKindMetrics": [
                     {
                        "colorMethod": 2,
                        "handleOldColoring": false,
                        "id": "extModel22550-3",
                        "isStringMetric": false,
                        "label": "vCenters",
                        "link": "",
                        "metricKey": "summary|total_number_vcenters",
                        "metricName": "Summary|Total Number of vCenter Server(s)",
                        "metricUnitId": null,
                        "orangeBound": null,
                        "redBound": null,
                        "resourceKindId": "resourceKind:id:0_::_",
                        "resourceKindName": "vSphere World",
                        "unit": "",
                        "yellowBound": null
                     },
                     {
                        "colorMethod": 2,
                        "id": "extModel4407-1",
                        "isStringMetric": false,
                        "label": "Datacenters",
                        "metricKey": "summary|total_number_datacenters",
                        "metricName": "Summary|Total Number of Datacenters",
                        "metricUnitId": null,
                        "orangeBound": null,
                        "redBound": null,
                        "resourceKindId": "resourceKind:id:0_::_",
                        "resourceKindName": "vSphere World",
                        "unit": "",
                        "yellowBound": null
                     },
                     {
                        "colorMethod": 2,
                        "id": "extModel4407-2",
                        "isStringMetric": false,
                        "label": "Clusters",
                        "link": "",
                        "metricKey": "summary|total_number_clusters",
                        "metricName": "Summary|Total Number of Clusters",
                        "metricUnitId": null,
                        "orangeBound": null,
                        "redBound": null,
                        "resourceKindId": "resourceKind:id:0_::_",
                        "resourceKindName": "vSphere World",
                        "unit": "",
                        "yellowBound": null
                     },
                     {
                        "colorMethod": 2,
                        "id": "extModel4407-4",
                        "isStringMetric": false,
                        "label": "ESXi Hosts",
                        "link": "",
                        "metricKey": "summary|total_number_hosts",
                        "metricName": "Summary|Total Number of Hosts",
                        "metricUnitId": null,
                        "orangeBound": null,
                        "redBound": null,
                        "resourceKindId": "resourceKind:id:0_::_",
                        "resourceKindName": "vSphere World",
                        "unit": "",
                        "yellowBound": null
                     },
                     {
                        "colorMethod": 2,
                        "handleOldColoring": false,
                        "id": "extModel22550-1",
                        "isStringMetric": false,
                        "label": "VMs",
                        "link": "",
                        "metricKey": "summary|total_number_vms",
                        "metricName": "Summary|Total Number of VMs",
                        "metricUnitId": null,
                        "orangeBound": null,
                        "redBound": null,
                        "resourceKindId": "resourceKind:id:0_::_",
                        "resourceKindName": "vSphere World",
                        "unit": "",
                        "yellowBound": null
                     },
                     {
                        "colorMethod": 2,
                        "id": "extModel2444-1",
                        "isStringMetric": false,
                        "label": "Total Monthly Cost",
                        "link": "",
                        "metricKey": "cost|total_aggregated_cost",
                        "metricName": "Cost|Total Aggregated Cost",
                        "metricUnitId": "currencymonth",
                        "orangeBound": null,
                        "redBound": null,
                        "resourceKindId": "resourceKind:id:0_::_",
                        "resourceKindName": "vSphere World",
                        "unit": "US$/Month",
                        "yellowBound": null
                     }
                  ],
                  "resourceMetrics": [],
                  "subMode": "resourceKindAll"
               },
               "mode": {"layoutMode": "fixedView"},
               "oldMetricValues": false,
               "periodLength": "last30Days",
               "refreshContent": {"refreshContent": true},
               "refreshInterval": 300,
               "relationshipMode": {"relationshipMode": 0},
               "resInteractionMode": null,
               "resource": [],
               "roundDecimals": 0,
               "selfProvider": {"selfProvider": true},
               "showDT": {"showDT": false},
               "showMetricName": {"showMetricName": true},
               "showMetricUnit": {"showMetricUnit": true},
               "showResourceName": {"showResourceName": false},
               "showSparkline": {"showSparkline": true},
               "title": "vSphere Costs and Inventory",
               "valueSize": 24,
               "visualTheme": 6
            },
            "gridsterCoords": {
               "h": 6,
               "w": 4,
               "x": 1,
               "y": 1
            },
            "height": 324,
            "id": "a6e48dfb-d0a5-4330-bf3f-e47a79ec9b61",
            "title": "vSphere Costs and Inventory",
            "type": "Scoreboard"
         },
         {
            "collapsed": false,
            "config": {
               "additionalColumns": [
                  {
                     "boxLabel": "ESXi Hosts",
                     "metricKey": "summary|total_number_hosts",
                     "metricName": "Summary|Total Number of Hosts",
                     "resourceKindId": "resourceKind:id:1_::_"
                  },
                  {
                     "boxLabel": "Virtual Machines",
                     "metricKey": "summary|total_number_vms",
                     "metricName": "Summary|Total Number of VMs",
                     "resourceKindId": "resourceKind:id:1_::_"
                  },
                  {
                     "boxLabel": "Datastores",
                     "metricKey": "summary|total_number_datastores",
                     "metricName": "Summary|Total Number of Datastores",
                     "resourceKindId": "resourceKind:id:1_::_"
                  }
               ],
               "barsCount": 15,
               "customFilter": {
                  "excludedResources": null,
                  "filter": [],
                  "includedResources": null
               },
               "depth": 10,
               "filterMode": "tagPicker",
               "filterOldMetrics": {"filterOldMetrics": false},
               "metric": {
                  "metricKey": "cost|totalCost",
                  "name": "Cost|Monthly Cluster Total Cost (US$/Month)"
               },
               "metricName": "",
               "metricUnit": {
                  "metricUnitId": "currencymonth",
                  "metricUnitName": "US$/Month"
               },
               "mode": "all",
               "percentileValue": null,
               "refreshContent": {"refreshContent": true},
               "refreshInterval": 300,
               "regenerationTime": 15,
               "relationshipMode": {"relationshipMode": [
                  -1,
                  0
               ]},
               "resource": [],
               "resourceKind": [{"id": "resourceKind:id:1_::_"}],
               "roundDecimals": 1,
               "selfProvider": {"selfProvider": true},
               "tagFilter": null,
               "title": "Most Expensive Clusters",
               "topOption": "metricsHighestUtilization"
            },
            "gridsterCoords": {
               "h": 11,
               "w": 4,
               "x": 1,
               "y": 14
            },
            "height": 609,
            "id": "c9520822-34ab-4624-8684-deb44defa9fe",
            "title": "Most Expensive Clusters",
            "type": "ParetoAnalysis"
         },
         {
            "collapsed": false,
            "config": {
               "additionalColumns": [
                  {
                     "boxLabel": "Version",
                     "metricKey": "summary|version",
                     "metricName": "Summary|Version",
                     "resourceKindId": "resourceKind:id:2_::_"
                  },
                  {
                     "boxLabel": "VMs",
                     "metricKey": "summary|total_number_vms",
                     "metricName": "Summary|Total Number of VMs",
                     "resourceKindId": "resourceKind:id:2_::_"
                  }
               ],
               "barsCount": 15,
               "customFilter": {
                  "excludedResources": null,
                  "filter": [],
                  "includedResources": null
               },
               "depth": 10,
               "filterMode": "tagPicker",
               "filterOldMetrics": {"filterOldMetrics": false},
               "metric": {
                  "metricKey": "cost|totalLoadedCost",
                  "name": "Cost|Monthly Server Fully Loaded Cost (US$/Month)"
               },
               "metricName": "",
               "metricUnit": {
                  "metricUnitId": "currencymonth",
                  "metricUnitName": "US$/Month"
               },
               "mode": "all",
               "percentileValue": null,
               "refreshContent": {"refreshContent": true},
               "refreshInterval": 300,
               "regenerationTime": 15,
               "relationshipMode": {"relationshipMode": [
                  -1,
                  0
               ]},
               "resource": [],
               "resourceKind": [{"id": "resourceKind:id:2_::_"}],
               "roundDecimals": 1,
               "selfProvider": {"selfProvider": true},
               "tagFilter": null,
               "title": "Most Expensive ESXi Hosts",
               "topOption": "metricsHighestUtilization"
            },
            "gridsterCoords": {
               "h": 11,
               "w": 4,
               "x": 5,
               "y": 14
            },
            "height": 609,
            "id": "54716694-5127-48b4-ba90-b42cd5f5160a",
            "title": "Most Expensive ESXi Hosts",
            "type": "ParetoAnalysis"
         },
         {
            "collapsed": false,
            "config": {
               "additionalColumns": [
                  {
                     "boxLabel": "vCenter",
                     "metricKey": "summary|parentVcenter",
                     "metricName": "Summary|Parent vCenter",
                     "resourceKindId": "resourceKind:id:3_::_"
                  },
                  {
                     "boxLabel": "Clusters",
                     "metricKey": "summary|total_number_clusters",
                     "metricName": "Summary|Total Number of Clusters",
                     "resourceKindId": "resourceKind:id:3_::_"
                  },
                  {
                     "boxLabel": "ESXi Hosts",
                     "metricKey": "summary|total_number_hosts",
                     "metricName": "Summary|Total Number of Hosts",
                     "resourceKindId": "resourceKind:id:3_::_"
                  },
                  {
                     "boxLabel": "VMs",
                     "metricKey": "summary|total_number_vms",
                     "metricName": "Summary|Total Number of VMs",
                     "resourceKindId": "resourceKind:id:3_::_"
                  },
                  {
                     "boxLabel": "Datastores",
                     "metricKey": "summary|total_number_datastores",
                     "metricName": "Summary|Total Number of Datastores",
                     "resourceKindId": "resourceKind:id:3_::_"
                  },
                  {
                     "boxLabel": "Total Cost (monthly)",
                     "metricKey": "cost|aggrTotalCost",
                     "metricName": "Cost|Monthly Aggregated Total Cost (US$/Month)",
                     "resourceKindId": "resourceKind:id:3_::_"
                  },
                  {
                     "boxLabel": "Cluster Cost (monthly)",
                     "metricKey": "cost|clusterCost",
                     "metricName": "Cost|Monthly Cluster Aggregated Cost (US$/Month)",
                     "resourceKindId": "resourceKind:id:3_::_"
                  },
                  {
                     "boxLabel": "VM Cost (monthly)",
                     "metricKey": "cost|vmDirectCost",
                     "metricName": "Cost|Monthly VM Aggregated Direct Cost (US$/Month)",
                     "resourceKindId": "resourceKind:id:3_::_"
                  },
                  {
                     "boxLabel": "Datastore Cost (monthly)",
                     "metricKey": "cost|dataStoreCost",
                     "metricName": "Cost|Monthly Datastore Total Cost (US$/Month)",
                     "resourceKindId": "resourceKind:id:3_::_"
                  }
               ],
               "customFilter": {
                  "excludedResources": null,
                  "filter": [],
                  "includedResources": null
               },
               "depth": 1,
               "filterMode": "tagPicker",
               "mode": "all",
               "refreshContent": {"refreshContent": true},
               "refreshInterval": 300,
               "relationshipMode": {"relationshipMode": 0},
               "resource": [],
               "selectFirstRow": {"selectFirstRow": true},
               "selfProvider": {"selfProvider": true},
               "tagFilter": {
                  "path": ["/source/kind/kind:resourceKind:id:3_::_"],
                  "value": {
                     "adapterInstance": [],
                     "adapterKind": [],
                     "bus": [],
                     "collector": [],
                     "day": [],
                     "exclaim": false,
                     "healthRange": [],
                     "kind": ["resourceKind:id:3_::_"],
                     "maintenanceSchedule": [],
                     "state": [],
                     "status": [],
                     "tag": [],
                     "tier": []
                  }
               },
               "title": "Datacenter Detail"
            },
            "gridsterCoords": {
               "h": 6,
               "w": 8,
               "x": 5,
               "y": 1
            },
            "height": 324,
            "id": "13212600-6796-42ec-972a-758b5dd428e6",
            "states": [{
               "key": "permResGrid_widget_b41a0d93-ee25-4052-a3c3-8c959a9a07a5_13212600-6796-42ec-972a-758b5dd428e6",
               "value": "o%3Acolumns%3Da%253Ao%25253Aid%25253Ds%2525253Ah1%25255Ehidden%25253Db%2525253A1%25255Ewidth%25253Dn%2525253A100%255Eo%25253Aid%25253Ds%2525253Ah2%255Eo%25253Aid%25253Ds%2525253Ah3%25255Ehidden%25253Db%2525253A1%25255Ewidth%25253Dn%2525253A100%255Eo%25253Aid%25253Ds%2525253Ah4%25255Ehidden%25253Db%2525253A1%255Eo%25253Aid%25253Ds%2525253Ah5%25255Ehidden%25253Db%2525253A1%255Eo%25253Aid%25253Ds%2525253Ah6%25255Ehidden%25253Db%2525253A1%255Eo%25253Aid%25253Ds%2525253Ah7%25255Ehidden%25253Db%2525253A1%25255Ewidth%25253Dn%2525253A100%255Eo%25253Aid%25253Ds%2525253Ah8%25255Ehidden%25253Db%2525253A1%25255Ewidth%25253Dn%2525253A100%255Eo%25253Aid%25253Ds%2525253Ah9%25255Ehidden%25253Db%2525253A1%25255Ewidth%25253Dn%2525253A100%255Eo%25253Aid%25253Ds%2525253Ah10%25255Ehidden%25253Db%2525253A1%25255Ewidth%25253Dn%2525253A100%255Eo%25253Aid%25253Ds%2525253Ah11%25255Ehidden%25253Db%2525253A1%25255Ewidth%25253Dn%2525253A100%255Eo%25253Aid%25253Ds%2525253Ah12%25255Ehidden%25253Db%2525253A1%25255Ewidth%25253Dn%2525253A100%255Eo%25253Aid%25253Ds%2525253Ah13%25255Ehidden%25253Db%2525253A1%25255Ewidth%25253Dn%2525253A100%255Eo%25253Aid%25253Ds%2525253Ah14%255Eo%25253Aid%25253Ds%2525253Ah15%25255Ehidden%25253Db%2525253A0%255Eo%25253Aid%25253Ds%2525253Ah16%25255Ehidden%25253Db%2525253A1%25255Ewidth%25253Dn%2525253A100%255Eo%25253Aid%25253Ds%2525253AresourceRating%25255Ehidden%25253Db%2525253A1%255Eo%25253Aid%25253Ds%2525253Ah18%25255Ehidden%25253Db%2525253A0%25255Ewidth%25253Dn%2525253A100%255Eo%25253Aid%25253Ds%2525253Ah19%25255Ehidden%25253Db%2525253A0%25255Ewidth%25253Dn%2525253A100%255Eo%25253Aid%25253Ds%2525253Ah20%25255Ehidden%25253Db%2525253A0%25255Ewidth%25253Dn%2525253A100%255Eo%25253Aid%25253Ds%2525253Ah21%25255Ehidden%25253Db%2525253A0%25255Ewidth%25253Dn%2525253A100%255Eo%25253Aid%25253Ds%2525253Ah22%25255Ehidden%25253Db%2525253A0%25255Ewidth%25253Dn%2525253A100%255Eo%25253Aid%25253Ds%2525253Ah23%25255Ehidden%25253Db%2525253A0%25255Ewidth%25253Dn%2525253A154.3515625%255Eo%25253Aid%25253Ds%2525253Ah24%25255Ehidden%25253Db%2525253A0%25255Ewidth%25253Dn%2525253A162.96484375%255Eo%25253Aid%25253Ds%2525253Ah26%25255Ehidden%25253Db%2525253A0%25255Ewidth%25253Dn%2525253A152.1015625%255Eo%25253Aid%25253Ds%2525253Ah25%25255Ehidden%25253Db%2525253A0%25255Ewidth%25253Dn%2525253A172.89453125%255Eo%25253Aid%25253Ds%2525253Ah27%25255Ehidden%25253Db%2525253A1%25255Ewidth%25253Dn%2525253A100%255Eo%25253Aid%25253Ds%2525253Ah28%25255Ehidden%25253Db%2525253A1%25255Ewidth%25253Dn%2525253A100%255Eo%25253Aid%25253Ds%2525253Ah29%25255Ehidden%25253Db%2525253A1%25255Ewidth%25253Dn%2525253A100%255Eo%25253Aid%25253Ds%2525253Ah30%25255Ehidden%25253Db%2525253A1%25255Ewidth%25253Dn%2525253A100%255Eo%25253Aid%25253Ds%2525253Ah31%25255Ehidden%25253Db%2525253A1%25255Ewidth%25253Dn%2525253A100%255Eo%25253Aid%25253Ds%2525253Ah32%25255Ehidden%25253Db%2525253A1%25255Ewidth%25253Dn%2525253A100%255Eo%25253Aid%25253Ds%2525253Ah33%25255Ehidden%25253Db%2525253A1%25255Ewidth%25253Dn%2525253A100%255Eo%25253Aid%25253Ds%2525253Ah34%25255Ehidden%25253Db%2525253A1%25255Ewidth%25253Dn%2525253A100%255Eo%25253Aid%25253Ds%2525253Ah35%25255Ehidden%25253Db%2525253A1%25255Ewidth%25253Dn%2525253A100%255Eo%25253Aid%25253Ds%2525253Ah36%25255Ehidden%25253Db%2525253A1%25255Ewidth%25253Dn%2525253A100%255Eo%25253Aid%25253Ds%2525253Ah37%25255Ehidden%25253Db%2525253A1%25255Ewidth%25253Dn%2525253A100%255Eo%25253Aid%25253Ds%2525253Ah38%25255Ehidden%25253Db%2525253A1%25255Ewidth%25253Dn%2525253A100%255Eo%25253Aid%25253Ds%2525253Ah39%25255Ehidden%25253Db%2525253A1%25255Ewidth%25253Dn%2525253A100%255Eo%25253Aid%25253Ds%2525253Ah40%25255Ehidden%25253Db%2525253A1%25255Ewidth%25253Dn%2525253A100%255Eo%25253Aid%25253Ds%2525253Ah41%25255Ehidden%25253Db%2525253A1%25255Ewidth%25253Dn%2525253A100%255Eo%25253Aid%25253Ds%2525253Ah42%25255Ehidden%25253Db%2525253A1%25255Ewidth%25253Dn%2525253A100%255Eo%25253Aid%25253Ds%2525253Ah43%25255Ehidden%25253Db%2525253A1%25255Ewidth%25253Dn%2525253A100%255Eo%25253Aid%25253Ds%2525253Ah44%25255Ehidden%25253Db%2525253A1%25255Ewidth%25253Dn%2525253A100%255Eo%25253Aid%25253Ds%2525253Ah45%25255Ehidden%25253Db%2525253A1%25255Ewidth%25253Dn%2525253A100%255Eo%25253Aid%25253Ds%2525253Ah46%25255Ehidden%25253Db%2525253A1%25255Ewidth%25253Dn%2525253A100%255Eo%25253Aid%25253Ds%2525253Ah47%25255Ehidden%25253Db%2525253A1%25255Ewidth%25253Dn%2525253A100%5EstoreState%3Do%253Asorters%253Da%25253Ao%2525253Aroot%2525253Ds%252525253Adata%2525255Eproperty%2525253Ds%252525253AmetricValue_%252525253A%252525253A_cost%252525257CaggrTotalCost%2525255Edirection%2525253Ds%252525253ADESC%2525255Eid%2525253Ds%252525253AmetricValue_%252525253A%252525253A_cost%252525257CaggrTotalCost"
            }],
            "title": "Datacenter Detail",
            "type": "ResourceList"
         },
         {
            "collapsed": false,
            "config": {
               "additionalColumns": [{
                  "boxLabel": "OS",
                  "metricKey": "summary|guest|fullName",
                  "metricName": "Summary|Guest Operating System|Guest OS from Tools",
                  "resourceKindId": "resourceKind:id:4_::_"
               }],
               "barsCount": 15,
               "customFilter": {
                  "excludedResources": null,
                  "filter": [],
                  "includedResources": null
               },
               "depth": 10,
               "filterMode": "tagPicker",
               "filterOldMetrics": {"filterOldMetrics": false},
               "metric": {
                  "metricKey": "cost|effectiveProjectedTotalCost",
                  "name": "Cost|Monthly Effective Projected Total Cost (US$/Month)"
               },
               "metricName": "",
               "metricUnit": {
                  "metricUnitId": "currencymonth",
                  "metricUnitName": "US$/Month"
               },
               "mode": "all",
               "percentileValue": null,
               "refreshContent": {"refreshContent": true},
               "refreshInterval": 300,
               "regenerationTime": 15,
               "relationshipMode": {"relationshipMode": [
                  -1,
                  0
               ]},
               "resource": [],
               "resourceKind": [{"id": "resourceKind:id:4_::_"}],
               "roundDecimals": 1,
               "selfProvider": {"selfProvider": true},
               "tagFilter": null,
               "title": "Most Expensive VMs",
               "topOption": "metricsHighestUtilization"
            },
            "gridsterCoords": {
               "h": 11,
               "w": 4,
               "x": 9,
               "y": 14
            },
            "height": 609,
            "id": "73f09c33-cd5e-423c-a3c5-55593bfbc2ac",
            "states": [{
               "key": "perm_toolbarVisible_widget_b41a0d93-ee25-4052-a3c3-8c959a9a07a5_73f09c33-cd5e-423c-a3c5-55593bfbc2ac",
               "value": "b%3A0"
            }],
            "title": "Most Expensive VMs",
            "type": "ParetoAnalysis"
         },
         {
            "collapsed": false,
            "config": {
               "chartViewItems": [
                  "legend",
                  "labels",
                  "title"
               ],
               "isUpdatedView": true,
               "refreshContent": {"refreshContent": true},
               "refreshInterval": 300,
               "resource": {
                  "id": "Ext.vcops.chrome.model.Resource-4",
                  "resourceId": "resource:id:0_::_",
                  "resourceKindId": "002006VMWAREvSphere World",
                  "resourceName": "vSphere World",
                  "traversalSpecId": ""
               },
               "selectFirstRow": {"selectFirstRow": false},
               "selfProvider": {"selfProvider": true},
               "title": "Clusters",
               "traversalSpecId": null,
               "viewDefinitionId": "f799a52c-c0a2-4672-8f3d-d133b333f598"
            },
            "gridsterCoords": {
               "h": 7,
               "w": 3,
               "x": 4,
               "y": 7
            },
            "height": 381,
            "id": "2f27cf68-1b08-4176-9e37-e8ac390ec537",
            "title": "Clusters",
            "type": "View"
         },
         {
            "collapsed": false,
            "config": {
               "chartViewItems": [
                  "legend",
                  "labels",
                  "title"
               ],
               "isUpdatedView": true,
               "refreshContent": {"refreshContent": true},
               "refreshInterval": 300,
               "resource": {
                  "id": "Ext.vcops.chrome.model.Resource-5",
                  "resourceId": "resource:id:0_::_",
                  "resourceKindId": "002006VMWAREvSphere World",
                  "resourceName": "vSphere World",
                  "traversalSpecId": ""
               },
               "selectFirstRow": {"selectFirstRow": false},
               "selfProvider": {"selfProvider": true},
               "title": "ESXi Hosts",
               "traversalSpecId": null,
               "viewDefinitionId": "bb37e0c2-7c0f-441f-b166-8dad0a3d7a73"
            },
            "gridsterCoords": {
               "h": 7,
               "w": 3,
               "x": 7,
               "y": 7
            },
            "height": 381,
            "id": "62974c63-dce5-40e7-894a-932f208d3747",
            "title": "ESXi Hosts",
            "type": "View"
         },
         {
            "collapsed": false,
            "config": {
               "chartViewItems": [
                  "legend",
                  "labels",
                  "title"
               ],
               "isUpdatedView": true,
               "refreshContent": {"refreshContent": true},
               "refreshInterval": 300,
               "resource": {
                  "id": "Ext.vcops.chrome.model.Resource-6",
                  "resourceId": "resource:id:0_::_",
                  "resourceKindId": "002006VMWAREvSphere World",
                  "resourceName": "vSphere World",
                  "traversalSpecId": ""
               },
               "selectFirstRow": {"selectFirstRow": false},
               "selfProvider": {"selfProvider": true},
               "title": "VMs",
               "traversalSpecId": null,
               "viewDefinitionId": "3fd974e6-88ee-46e7-9d20-36d347dc4815"
            },
            "gridsterCoords": {
               "h": 7,
               "w": 3,
               "x": 10,
               "y": 7
            },
            "height": 381,
            "id": "2fb09338-1e34-45e6-b626-5a444bd80932",
            "title": "VMs",
            "type": "View"
         },
         {
            "collapsed": false,
            "config": {
               "chartViewItems": [
                  "legend",
                  "labels",
                  "title"
               ],
               "isUpdatedView": true,
               "refreshContent": {"refreshContent": true},
               "refreshInterval": 300,
               "resource": {
                  "id": "Ext.vcops.chrome.model.Resource-1",
                  "resourceId": "resource:id:0_::_",
                  "resourceKindId": "002006VMWAREvSphere World",
                  "resourceName": "vSphere World",
                  "traversalSpecId": ""
               },
               "selectFirstRow": {"selectFirstRow": false},
               "selfProvider": {"selfProvider": true},
               "title": "Datacenters",
               "traversalSpecId": null,
               "viewDefinitionId": "d5a76a68-9bb6-46ec-896a-e525a633bc03"
            },
            "gridsterCoords": {
               "h": 7,
               "w": 3,
               "x": 1,
               "y": 7
            },
            "height": 381,
            "id": "1b867d98-b05c-45e8-bcdf-7543936c6d08",
            "title": "Datacenters",
            "type": "View"
         }
      ]
   }],
   "entries": {
      "resource": [{
         "adapterKindKey": "VMWARE",
         "identifiers": [],
         "internalId": "resource:id:0_::_",
         "name": "vSphere World",
         "resourceKindKey": "vSphere World"
      }],
      "resourceKind": [
         {
            "adapterKindKey": "VMWARE",
            "internalId": "resourceKind:id:2_::_",
            "resourceKindKey": "HostSystem"
         },
         {
            "adapterKindKey": "VMWARE",
            "internalId": "resourceKind:id:3_::_",
            "resourceKindKey": "Datacenter"
         },
         {
            "adapterKindKey": "VMWARE",
            "internalId": "resourceKind:id:4_::_",
            "resourceKindKey": "VirtualMachine"
         },
         {
            "adapterKindKey": "VMWARE",
            "internalId": "resourceKind:id:1_::_",
            "resourceKindKey": "ClusterComputeResource"
         },
         {
            "adapterKindKey": "VMWARE",
            "internalId": "resourceKind:id:0_::_",
            "resourceKindKey": "vSphere World"
         }
      ]
   },
   "uuid": "75807be6-3cef-4f34-ac67-cb8ec70556ef"
}