<?xml version="1.0" encoding="UTF-8" standalone="yes"?>
<Content>
    <Views>
        <ViewDef id="d5a76a68-9bb6-46ec-896a-e525a633bc03">
            <Title>Datacenter Cost - Donut Chart</Title>
            <Description>Datacenter Cost - Donut Chart</Description>
            <SubjectType adapterKind="VMWARE" resourceKind="Datacenter" type="descendant"/>
            <Usage>dashboard</Usage>
            <Usage>report</Usage>
            <Usage>details</Usage>
            <Usage>content</Usage>
            <Controls>
                <Control id="time-interval-selector_id_1315" type="time-interval-selector" visible="false">
                    <Property name="advancedTimeMode" value="false"/>
                    <Property name="unit" value="DAYS"/>
                    <Property name="count" value="7"/>
                </Control>
                <Control id="attributes-selector_id_1316" type="attributes-selector" visible="false">
                    <Property name="attributeInfos">
                        <List>
                            <Item>
<Value>
    <Property name="objectType" value="RESOURCE"/>
    <Property name="attributeKey" value="cost|aggrTotalCost"/>
    <Property name="preferredUnitId" value="currencymonth"/>
    <Property name="isStringAttribute" value="false"/>
    <Property name="adapterKind" value="VMWARE"/>
    <Property name="resourceKind" value="Datacenter"/>
    <Property name="rollUpType" value="NONE"/>
    <Property name="rollUpCount" value="0"/>
    <Property name="transformations">
        <List>
            <Item value="CURRENT"/>
        </List>
    </Property>
    <Property name="isProperty" value="false"/>
    <Property name="displayName" value="Monthly Cost"/>
    <Property name="isShowRelativeTimestamp" value="false"/>
</Value>
                            </Item>
                        </List>
                    </Property>
                </Control>
                <Control id="buckets-control_id_1317" type="buckets-control" visible="false">
                    <Property name="maxValue" value="0"/>
                    <Property name="minValue" value="0"/>
                    <Property name="dynamicCalcFunction" value="SIMPLEMAXMIN"/>
                    <Property name="bucketInfos">
                        <List>
                            <Item>
<Value>
    <Property name="startValue" value="0"/>
    <Property name="endValue" value="2500"/>
    <Property name="bucketColor" value="62A420"/>
</Value>
                            </Item>
                            <Item>
<Value>
    <Property name="startValue" value="2500"/>
    <Property name="endValue" value="10000"/>
    <Property name="bucketColor" value="FAC400"/>
</Value>
                            </Item>
                            <Item>
<Value>
    <Property name="startValue" value="10000"/>
    <Property name="endValue" value="20000"/>
    <Property name="bucketColor" value="F57600"/>
</Value>
                            </Item>
                            <Item>
<Value>
    <Property name="startValue" value="20000"/>
    <Property name="endValue" value="100000"/>
    <Property name="bucketColor" value="FF681C"/>
</Value>
                            </Item>
                        </List>
                    </Property>
                    <Property name="isDynamic" value="false"/>
                    <Property name="isSum" value="false"/>
                </Control>
                <Control id="metadata_id_1318" type="metadata" visible="false">
                    <Property name="maxPointsCount" value="5000"/>
                    <Property name="hideObjectNameColumn" value="false"/>
                    <Property name="listTopResultSize" value="-1"/>
                </Control>
            </Controls>
            <DataProviders>
                <DataProvider dataType="distribution-view" id="distribution-view_id_1314"/>
            </DataProviders>
            <Presentation type="donut-chart"/>
        </ViewDef>
        <ViewDef id="f799a52c-c0a2-4672-8f3d-d133b333f598">
            <Title>Cluster Cost - Donut Chart</Title>
            <Description>Cluster Cost - Donut Chart</Description>
            <SubjectType adapterKind="VMWARE" resourceKind="ClusterComputeResource" type="descendant"/>
            <Usage>dashboard</Usage>
            <Usage>report</Usage>
            <Usage>details</Usage>
            <Usage>content</Usage>
            <Controls>
                <Control id="time-interval-selector_id_1423" type="time-interval-selector" visible="false">
                    <Property name="advancedTimeMode" value="false"/>
                    <Property name="unit" value="DAYS"/>
                    <Property name="count" value="7"/>
                </Control>
                <Control id="attributes-selector_id_1424" type="attributes-selector" visible="false">
                    <Property name="attributeInfos">
                        <List>
                            <Item>
<Value>
    <Property name="objectType" value="RESOURCE"/>
    <Property name="attributeKey" value="cost|totalCost"/>
    <Property name="preferredUnitId" value="currencymonth"/>
    <Property name="isStringAttribute" value="false"/>
    <Property name="adapterKind" value="VMWARE"/>
    <Property name="resourceKind" value="ClusterComputeResource"/>
    <Property name="rollUpType" value="NONE"/>
    <Property name="rollUpCount" value="0"/>
    <Property name="transformations">
        <List>
            <Item value="CURRENT"/>
        </List>
    </Property>
    <Property name="isProperty" value="false"/>
    <Property name="displayName" value="Monthly Cost"/>
    <Property name="isShowRelativeTimestamp" value="false"/>
</Value>
                            </Item>
                        </List>
                    </Property>
                </Control>
                <Control id="buckets-control_id_1425" type="buckets-control" visible="false">
                    <Property name="maxValue" value="0"/>
                    <Property name="minValue" value="0"/>
                    <Property name="dynamicCalcFunction" value="SIMPLEMAXMIN"/>
                    <Property name="bucketInfos">
                        <List>
                            <Item>
<Value>
    <Property name="startValue" value="0"/>
    <Property name="endValue" value="400"/>
    <Property name="bucketColor" value="62A420"/>
</Value>
                            </Item>
                            <Item>
<Value>
    <Property name="startValue" value="400"/>
    <Property name="endValue" value="1000"/>
    <Property name="bucketColor" value="FAC400"/>
</Value>
                            </Item>
                            <Item>
<Value>
    <Property name="startValue" value="1000"/>
    <Property name="endValue" value="2000"/>
    <Property name="bucketColor" value="F57600"/>
</Value>
                            </Item>
                            <Item>
<Value>
    <Property name="startValue" value="2000"/>
    <Property name="endValue" value="2500"/>
    <Property name="bucketColor" value="FF681C"/>
</Value>
                            </Item>
                            <Item>
<Value>
    <Property name="startValue" value="2500"/>
    <Property name="endValue" value="9999"/>
    <Property name="bucketColor" value="F54F47"/>
</Value>
                            </Item>
                        </List>
                    </Property>
                    <Property name="isDynamic" value="false"/>
                    <Property name="isSum" value="false"/>
                </Control>
                <Control id="metadata_id_1426" type="metadata" visible="false">
                    <Property name="maxPointsCount" value="5000"/>
                    <Property name="hideObjectNameColumn" value="false"/>
                    <Property name="listTopResultSize" value="-1"/>
                </Control>
            </Controls>
            <DataProviders>
                <DataProvider dataType="distribution-view" id="distribution-view_id_1422"/>
            </DataProviders>
            <Presentation type="donut-chart"/>
        </ViewDef>
        <ViewDef id="bb37e0c2-7c0f-441f-b166-8dad0a3d7a73">
            <Title>ESXi Host Cost - Donut Chart</Title>
            <Description/>
            <SubjectType adapterKind="VMWARE" resourceKind="HostSystem" type="descendant"/>
            <Usage>dashboard</Usage>
            <Usage>report</Usage>
            <Usage>details</Usage>
            <Usage>content</Usage>
            <Controls>
                <Control id="time-interval-selector_id_1532" type="time-interval-selector" visible="false">
                    <Property name="advancedTimeMode" value="false"/>
                    <Property name="unit" value="DAYS"/>
                    <Property name="count" value="7"/>
                </Control>
                <Control id="attributes-selector_id_1533" type="attributes-selector" visible="false">
                    <Property name="attributeInfos">
                        <List>
                            <Item>
<Value>
    <Property name="objectType" value="RESOURCE"/>
    <Property name="attributeKey" value="cost|totalLoadedCost"/>
    <Property name="preferredUnitId" value="currencymonth"/>
    <Property name="isStringAttribute" value="false"/>
    <Property name="adapterKind" value="VMWARE"/>
    <Property name="resourceKind" value="HostSystem"/>
    <Property name="rollUpType" value="NONE"/>
    <Property name="rollUpCount" value="0"/>
    <Property name="transformations">
        <List>
            <Item value="CURRENT"/>
        </List>
    </Property>
    <Property name="isProperty" value="false"/>
    <Property name="displayName" value="Monthly Cost"/>
    <Property name="isShowRelativeTimestamp" value="false"/>
</Value>
                            </Item>
                        </List>
                    </Property>
                </Control>
                <Control id="buckets-control_id_1534" type="buckets-control" visible="false">
                    <Property name="maxValue" value="0"/>
                    <Property name="minValue" value="0"/>
                    <Property name="dynamicCalcFunction" value="SIMPLEMAXMIN"/>
                    <Property name="bucketInfos">
                        <List>
                            <Item>
<Value>
    <Property name="startValue" value="0"/>
    <Property name="endValue" value="100"/>
    <Property name="bucketColor" value="62A420"/>
</Value>
                            </Item>
                            <Item>
<Value>
    <Property name="startValue" value="100"/>
    <Property name="endValue" value="225"/>
    <Property name="bucketColor" value="FAC400"/>
</Value>
                            </Item>
                            <Item>
<Value>
    <Property name="startValue" value="225"/>
    <Property name="endValue" value="500"/>
    <Property name="bucketColor" value="F57600"/>
</Value>
                            </Item>
                            <Item>
<Value>
    <Property name="startValue" value="500"/>
    <Property name="endValue" value="800"/>
    <Property name="bucketColor" value="FF681C"/>
</Value>
                            </Item>
                            <Item>
<Value>
    <Property name="startValue" value="800"/>
    <Property name="endValue" value="1200"/>
    <Property name="bucketColor" value="F54F47"/>
</Value>
                            </Item>
                            <Item>
<Value>
    <Property name="startValue" value="1200"/>
    <Property name="endValue" value="9999"/>
    <Property name="bucketColor" value="ED186F"/>
</Value>
                            </Item>
                        </List>
                    </Property>
                    <Property name="isDynamic" value="false"/>
                    <Property name="isSum" value="false"/>
                </Control>
                <Control id="metadata_id_1535" type="metadata" visible="false">
                    <Property name="maxPointsCount" value="5000"/>
                    <Property name="hideObjectNameColumn" value="false"/>
                    <Property name="listTopResultSize" value="-1"/>
                </Control>
            </Controls>
            <DataProviders>
                <DataProvider dataType="distribution-view" id="distribution-view_id_1531"/>
            </DataProviders>
            <Presentation type="donut-chart"/>
        </ViewDef>
        <ViewDef id="3fd974e6-88ee-46e7-9d20-36d347dc4815">
            <Title>VM Cost - Donut Chart</Title>
            <Description/>
            <SubjectType adapterKind="VMWARE" resourceKind="VirtualMachine" type="descendant"/>
            <Usage>dashboard</Usage>
            <Usage>report</Usage>
            <Usage>details</Usage>
            <Usage>content</Usage>
            <Controls>
                <Control id="time-interval-selector_id_1564" type="time-interval-selector" visible="false">
                    <Property name="advancedTimeMode" value="false"/>
                    <Property name="unit" value="DAYS"/>
                    <Property name="count" value="7"/>
                </Control>
                <Control id="attributes-selector_id_1565" type="attributes-selector" visible="false">
                    <Property name="attributeInfos">
                        <List>
                            <Item>
<Value>
    <Property name="objectType" value="RESOURCE"/>
    <Property name="attributeKey" value="cost|monthlyProjectedCost"/>
    <Property name="preferredUnitId" value="currencymonth"/>
    <Property name="isStringAttribute" value="false"/>
    <Property name="adapterKind" value="VMWARE"/>
    <Property name="resourceKind" value="VirtualMachine"/>
    <Property name="rollUpType" value="NONE"/>
    <Property name="rollUpCount" value="0"/>
    <Property name="transformations">
        <List>
            <Item value="CURRENT"/>
        </List>
    </Property>
    <Property name="isProperty" value="false"/>
    <Property name="displayName" value="Monthly Cost"/>
    <Property name="isShowRelativeTimestamp" value="false"/>
</Value>
                            </Item>
                        </List>
                    </Property>
                </Control>
                <Control id="buckets-control_id_1566" type="buckets-control" visible="false">
                    <Property name="maxValue" value="0"/>
                    <Property name="minValue" value="0"/>
                    <Property name="dynamicCalcFunction" value="SIMPLEMAXMIN"/>
                    <Property name="bucketInfos">
                        <List>
                            <Item>
<Value>
    <Property name="startValue" value="0"/>
    <Property name="endValue" value="5"/>
    <Property name="bucketColor" value="62A420"/>
</Value>
                            </Item>
                            <Item>
<Value>
    <Property name="startValue" value="5"/>
    <Property name="endValue" value="15"/>
    <Property name="bucketColor" value="FAC400"/>
</Value>
                            </Item>
                            <Item>
<Value>
    <Property name="startValue" value="15"/>
    <Property name="endValue" value="30"/>
    <Property name="bucketColor" value="F57600"/>
</Value>
                            </Item>
                            <Item>
<Value>
    <Property name="startValue" value="30"/>
    <Property name="endValue" value="50"/>
    <Property name="bucketColor" value="FF681C"/>
</Value>
                            </Item>
                            <Item>
<Value>
    <Property name="startValue" value="50"/>
    <Property name="endValue" value="80"/>
    <Property name="bucketColor" value="F54F47"/>
</Value>
                            </Item>
                            <Item>
<Value>
    <Property name="startValue" value="80"/>
    <Property name="endValue" value="120"/>
    <Property name="bucketColor" value="ED186F"/>
</Value>
                            </Item>
                            <Item>
<Value>
    <Property name="startValue" value="120"/>
    <Property name="endValue" value="999"/>
    <Property name="bucketColor" value="ED186F"/>
</Value>
                            </Item>
                        </List>
                    </Property>
                    <Property name="isDynamic" value="false"/>
                    <Property name="isSum" value="false"/>
                </Control>
                <Control id="metadata_id_1567" type="metadata" visible="false">
                    <Property name="maxPointsCount" value="5000"/>
                    <Property name="hideObjectNameColumn" value="false"/>
                    <Property name="listTopResultSize" value="-1"/>
                </Control>
            </Controls>
            <DataProviders>
                <DataProvider dataType="distribution-view" id="distribution-view_id_1563"/>
            </DataProviders>
            <Presentation type="donut-chart"/>
        </ViewDef>
    </Views>
</Content>
